Workbook

Sheet Keepers
A1: manager | B1: player | C1: round | D1: nhl_team | E1: pos | F1: check | H1: Legend
A2: EXAMPLE (ignored) | B2: Cole Caufield | C2: 3 | F2: =IF(B2="","",IF(A2="","⚠ add manager",IF(COUNTIF(Players!$A$2:$A$1042,B2)=0,"⚠ not in stats file - check spelling",IF(AND(COUNTIF(Players!$A$2:$A$1042,B2)>1,E2=""),"⚠ 2 players share this name - fill pos",IF(COUNTIFS($B$3:$B$62,B2,$E$3:$E$62,E2&"")>1,"⚠ listed twice","✓ OK"))))) -> ✓ OK | H2: Yellow cells = fill in
F3: =IF(B3="","",IF(A3="","⚠ add manager",IF(COUNTIF(Players!$A$2:$A$1042,B3)=0,"⚠ not in stats file - check spelling",IF(AND(COUNTIF(Players!$A$2:$A$1042,B3)>1,E3=""),"⚠ 2 players share this name - fill pos",IF(COUNTIFS($B$3:$B$62,B3,$E$3:$E$62,E3&"")>1,"⚠ listed twice","✓ OK"))))) | H3: Grey row 2 = example (ignored)
F4: =IF(B4="","",IF(A4="","⚠ add manager",IF(COUNTIF(Players!$A$2:$A$1042,B4)=0,"⚠ not in stats file - check spelling",IF(AND(COUNTIF(Players!$A$2:$A$1042,B4)>1,E4=""),"⚠ 2 players share this name - fill pos",IF(COUNTIFS($B$3:$B$62,B4,$E$3:$E$62,E4&"")>1,"⚠ listed twice","✓ OK"))))) | H4: Column F checks each row
F5: =IF(B5="","",IF(A5="","⚠ add manager",IF(COUNTIF(Players!$A$2:$A$1042,B5)=0,"⚠ not in stats file - check spelling",IF(AND(COUNTIF(Players!$A$2:$A$1042,B5)>1,E5=""),"⚠ 2 players share this name - fill pos",IF(COUNTIFS($B$3:$B$62,B5,$E$3:$E$62,E5&"")>1,"⚠ listed twice","✓ OK"))))) | H5: Full instructions: 'How to use' tab
F6: =IF(B6="","",IF(A6="","⚠ add manager",IF(COUNTIF(Players!$A$2:$A$1042,B6)=0,"⚠ not in stats file - check spelling",IF(AND(COUNTIF(Players!$A$2:$A$1042,B6)>1,E6=""),"⚠ 2 players share this name - fill pos",IF(COUNTIFS($B$3:$B$62,B6,$E$3:$E$62,E6&"")>1,"⚠ listed twice","✓ OK")))))
F7: =IF(B7="","",IF(A7="","⚠ add manager",IF(COUNTIF(Players!$A$2:$A$1042,B7)=0,"⚠ not in stats file - check spelling",IF(AND(COUNTIF(Players!$A$2:$A$1042,B7)>1,E7=""),"⚠ 2 players share this name - fill pos",IF(COUNTIFS($B$3:$B$62,B7,$E$3:$E$62,E7&"")>1,"⚠ listed twice","✓ OK")))))
F8: =IF(B8="","",IF(A8="","⚠ add manager",IF(COUNTIF(Players!$A$2:$A$1042,B8)=0,"⚠ not in stats file - check spelling",IF(AND(COUNTIF(Players!$A$2:$A$1042,B8)>1,E8=""),"⚠ 2 players share this name - fill pos",IF(COUNTIFS($B$3:$B$62,B8,$E$3:$E$62,E8&"")>1,"⚠ listed twice","✓ OK")))))
F9: =IF(B9="","",IF(A9="","⚠ add manager",IF(COUNTIF(Players!$A$2:$A$1042,B9)=0,"⚠ not in stats file - check spelling",IF(AND(COUNTIF(Players!$A$2:$A$1042,B9)>1,E9=""),"⚠ 2 players share this name - fill pos",IF(COUNTIFS($B$3:$B$62,B9,$E$3:$E$62,E9&"")>1,"⚠ listed twice","✓ OK")))))
F10: =IF(B10="","",IF(A10="","⚠ add manager",IF(COUNTIF(Players!$A$2:$A$1042,B10)=0,"⚠ not in stats file - check spelling",IF(AND(COUNTIF(Players!$A$2:$A$1042,B10)>1,E10=""),"⚠ 2 players share this name - fill pos",IF(COUNTIFS($B$3:$B$62,B10,$E$3:$E$62,E10&"")>1,"⚠ listed twice","✓ OK")))))
F11: =IF(B11="","",IF(A11="","⚠ add manager",IF(COUNTIF(Players!$A$2:$A$1042,B11)=0,"⚠ not in stats file - check spelling",IF(AND(COUNTIF(Players!$A$2:$A$1042,B11)>1,E11=""),"⚠ 2 players share this name - fill pos",IF(COUNTIFS($B$3:$B$62,B11,$E$3:$E$62,E11&"")>1,"⚠ listed twice","✓ OK")))))
F12: =IF(B12="","",IF(A12="","⚠ add manager",IF(COUNTIF(Players!$A$2:$A$1042,B12)=0,"⚠ not in stats file - check spelling",IF(AND(COUNTIF(Players!$A$2:$A$1042,B12)>1,E12=""),"⚠ 2 players share this name - fill pos",IF(COUNTIFS($B$3:$B$62,B12,$E$3:$E$62,E12&"")>1,"⚠ listed twice","✓ OK")))))
F13: =IF(B13="","",IF(A13="","⚠ add manager",IF(COUNTIF(Players!$A$2:$A$1042,B13)=0,"⚠ not in stats file - check spelling",IF(AND(COUNTIF(Players!$A$2:$A$1042,B13)>1,E13=""),"⚠ 2 players share this name - fill pos",IF(COUNTIFS($B$3:$B$62,B13,$E$3:$E$62,E13&"")>1,"⚠ listed twice","✓ OK")))))
F14: =IF(B14="","",IF(A14="","⚠ add manager",IF(COUNTIF(Players!$A$2:$A$1042,B14)=0,"⚠ not in stats file - check spelling",IF(AND(COUNTIF(Players!$A$2:$A$1042,B14)>1,E14=""),"⚠ 2 players share this name - fill pos",IF(COUNTIFS($B$3:$B$62,B14,$E$3:$E$62,E14&"")>1,"⚠ listed twice","✓ OK")))))
F15: =IF(B15="","",IF(A15="","⚠ add manager",IF(COUNTIF(Players!$A$2:$A$1042,B15)=0,"⚠ not in stats file - check spelling",IF(AND(COUNTIF(Players!$A$2:$A$1042,B15)>1,E15=""),"⚠ 2 players share this name - fill pos",IF(COUNTIFS($B$3:$B$62,B15,$E$3:$E$62,E15&"")>1,"⚠ listed twice","✓ OK")))))
F16: =IF(B16="","",IF(A16="","⚠ add manager",IF(COUNTIF(Players!$A$2:$A$1042,B16)=0,"⚠ not in stats file - check spelling",IF(AND(COUNTIF(Players!$A$2:$A$1042,B16)>1,E16=""),"⚠ 2 players share this name - fill pos",IF(COUNTIFS($B$3:$B$62,B16,$E$3:$E$62,E16&"")>1,"⚠ listed twice","✓ OK")))))
F17: =IF(B17="","",IF(A17="","⚠ add manager",IF(COUNTIF(Players!$A$2:$A$1042,B17)=0,"⚠ not in stats file - check spelling",IF(AND(COUNTIF(Players!$A$2:$A$1042,B17)>1,E17=""),"⚠ 2 players share this name - fill pos",IF(COUNTIFS($B$3:$B$62,B17,$E$3:$E$62,E17&"")>1,"⚠ listed twice","✓ OK")))))
... F62: =IF(B62="","",IF(A62="","⚠ add manager",IF(COUNTIF(Players!$A$2:$A$1042,B62)=0,"⚠ not in stats file - check spelling",IF(AND(COUNTIF(Players!$A$2:$A$1042,B62)>1,E62=""),"⚠ 2 players share this name - fill pos",IF(COUNTIFS($B$3:$B$62,B62,$E$3:$E$62,E62&"")>1,"⚠ listed twice","✓ OK")))))

Sheet Players
A1: name | B1: pos | C1: nhl_team | D1: GP 25-26 | E1: P (skaters) / W (goalies)
A2: Aaron Ekblad | B2: D | C2: FLA | D2: 72 | E2: 26
A3: Aatu Räty | B3: C | C3: VAN | D3: 66 | E3: 14
A4: Abram Wiebe | B4: D | C4: CGY | D4: 4 | E4: 0
A5: Adam Boqvist | B5: D | C5: NYI | D5: 28 | E5: 4
A6: Adam Edstrom | B6: C | C6: NYR | D6: 35 | E6: 5
A7: Adam Engstrom | B7: D | C7: MTL | D7: 15 | E7: 1
A8: Adam Erne | B8: LW | C8: DAL | D8: 45 | E8: 8
A9: Adam Fantilli | B9: C | C9: CBJ | D9: 82 | E9: 59
A10: Adam Fox | B10: D | C10: NYR | D10: 55 | E10: 53
A11: Adam Gaudette | B11: RW | C11: SJS | D11: 66 | E11: 25
A12: Adam Ginning | B12: D | C12: PHI | D12: 5 | E12: 0
A13: Adam Henrique | B13: C | C13: EDM | D13: 65 | E13: 15
... A1042: Zemgus Girgensons | B1042: C | C1042: TBL | D1042: 74 | E1042: 20

Sheet Lists
A1: nhl_team
A2: ANA
A3: BOS
A4: BUF
A5: CAR
A6: CBJ
A7: CGY
A8: CHI
A9: COL
A10: DAL
A11: DET
A12: EDM
... A33: WSH

Sheet How to use
A1: KEEPERS TEMPLATE — NHL Draft Optimizer
A3: 1. On the Keepers tab, add one row per kept player in the yellow cells (up to 60 rows).
A4: 2. manager: the team's name exactly as you typed it in the app sidebar list, OR its draft slot number (1-12), OR ME for your own keepers.
A5: Tip: slot numbers are the safest if you haven't entered team names in the app.
A6: 3. player: pick from the dropdown (start typing to jump). The list is every player in the 2025-26 stats file (see Players tab).
A7: 4. round: the draft round the keeper costs, 1-19. Leave blank if keepers don't cost a set round — the app uses that team's last open round.
A8: 5. nhl_team / pos: leave blank unless column F says two players share the name (e.g. Elias Pettersson — C and D, both VAN).
A9: 6. Column F checks every row. Fix anything showing ⚠ before uploading.
A11: Loading it into the app:
A12: • For one session: app → KEEPERS & DATA tab → upload this file.
A13: • Permanently: upload it to the GitHub repo named keepers.xlsx (it takes priority over keepers.csv).
A14: • Or just send the filled file to Claude to add for you.
... A19: • Rookies not in the 2025-26 stats file can't be matched yet.
